{"cameraMode":{"drawMode":0,"name":"Shaded","section":"Shading Mode"},"sceneLighting":true,"audioPlay":false,"sceneViewState":{"m_AlwaysRefresh":false,"showFog":true,"showSkybox":true,"showFlares":true,"showImageEffects":true,"showParticleSystems":true,"showVisualEffectGraphs":true,"m_FxEnabled":true},"in2DMode":false,"pivot":{"x":-1.8351256847381592,"y":0.7675386667251587,"z":-0.3093852996826172},"rotation":{"x":-0.08804874867200852,"y":0.11983069032430649,"z":-0.010670294053852559,"w":-0.9888253211975098},"size":4.207394599914551,"orthographic":false}